{
  "test_metrics": {
    "accuracy": 0.9782786885245902,
    "precision": 0.9790161349315362,
    "recall": 0.9782786885245902,
    "f1": 0.9784637502638827,
    "roc_auc": 0.996803491267604,
    "confusion_matrix": [
      [
        557,
        12
      ],
      [
        41,
        1830
      ]
    ]
  },
  "cv_results": {
    "accuracy": {
      "test_mean": 0.9729394236667199,
      "test_std": 0.003964160641719941,
      "train_mean": 0.9850860955681986,
      "train_std": 0.0027450923090192514,
      "test_scores": [
        0.975922131147541,
        0.9774474628395694,
        0.97385955920041,
        0.9661711942593542,
        0.9712967708867247
      ],
      "train_scores": [
        0.9848795489492568,
        0.9875720691864189,
        0.9862908392056374,
        0.9798846893017297,
        0.98680333119795
      ]
    },
    "precision": {
      "test_mean": 0.9743489179874876,
      "test_std": 0.003385572068220332,
      "train_mean": 0.985985945548325,
      "train_std": 0.0024283933061308833,
      "test_scores": [
        0.9764243058788853,
        0.9784389379630348,
        0.9754645946903662,
        0.9686440159854207,
        0.9727727354197309
      ],
      "train_scores": [
        0.9858006709027868,
        0.9882012493998413,
        0.9870524592497687,
        0.9813871141514754,
        0.9874882340377528
      ]
    },
    "recall": {
      "test_mean": 0.9729394236667199,
      "test_std": 0.003964160641719941,
      "train_mean": 0.9850860955681986,
      "train_std": 0.0027450923090192514,
      "test_scores": [
        0.975922131147541,
        0.9774474628395694,
        0.97385955920041,
        0.9661711942593542,
        0.9712967708867247
      ],
      "train_scores": [
        0.9848795489492568,
        0.9875720691864189,
        0.9862908392056374,
        0.9798846893017297,
        0.98680333119795
      ]
    },
    "f1": {
      "test_mean": 0.9732658308160165,
      "test_std": 0.003838787375733044,
      "train_mean": 0.9852463424214069,
      "train_std": 0.0026865071788672507,
      "test_scores": [
        0.9760741621862067,
        0.9776775444169409,
        0.9742065683127457,
        0.966720959077244,
        0.9716499200869457
      ],
      "train_scores": [
        0.9850417934671676,
        0.9876826909927944,
        0.9864248689276893,
        0.9801570337796037,
        0.9869253249397797
      ]
    },
    "roc_auc": {
      "test_mean": 0.9954868742442958,
      "test_std": 0.0006270230951573545,
      "train_mean": 0.9989119960345356,
      "train_std": 0.00032126111029517505,
      "test_scores": [
        0.9943065618416318,
        0.9955808896985368,
        0.995747634718223,
        0.9961780866192632,
        0.9956211983438241
      ],
      "train_scores": [
        0.9987885234434815,
        0.999081648640671,
        0.998769898684249,
        0.9984870782421216,
        0.9994328311621545
      ]
    }
  },
  "feature_importance": [
    {
      "feature": "latitude",
      "importance": 1301
    },
    {
      "feature": "longitude",
      "importance": 1102
    },
    {
      "feature": "date_ordinal",
      "importance": 248
    },
    {
      "feature": "day_of_month",
      "importance": 137
    },
    {
      "feature": "hour",
      "importance": 133
    },
    {
      "feature": "weekday",
      "importance": 79
    }
  ]
}