{
  "test_metrics": {
    "accuracy": 0.9512295081967214,
    "precision": 0.9530751142166084,
    "recall": 0.9512295081967214,
    "f1": 0.9518073689350728,
    "roc_auc": 0.987458188482236,
    "confusion_matrix": [
      [
        530,
        39
      ],
      [
        80,
        1791
      ]
    ]
  },
  "cv_results": {
    "accuracy": {
      "test_mean": 0.9539768907916075,
      "test_std": 0.001000503612243588,
      "train_mean": 0.9787566421529919,
      "train_std": 0.0010674632528186057,
      "test_scores": [
        0.9554303278688525,
        0.9528446950281907,
        0.9543823680164019,
        0.9543823680164019,
        0.9528446950281907
      ],
      "train_scores": [
        0.9779600205023065,
        0.9795003203074952,
        0.9770659833440103,
        0.9798846893017297,
        0.979372197309417
      ]
    },
    "precision": {
      "test_mean": 0.954831983544304,
      "test_std": 0.0012597153133329468,
      "train_mean": 0.979591500815661,
      "train_std": 0.0010359704317154802,
      "test_scores": [
        0.9562947722554207,
        0.9536865270757694,
        0.9544925201582084,
        0.9563207351000058,
        0.9533653631321164
      ],
      "train_scores": [
        0.9787897616309649,
        0.9803515407879102,
        0.9779488641449035,
        0.9805540396038326,
        0.9803132979106938
      ]
    },
    "recall": {
      "test_mean": 0.9539768907916075,
      "test_std": 0.001000503612243588,
      "train_mean": 0.9787566421529919,
      "train_std": 0.0010674632528186057,
      "test_scores": [
        0.9554303278688525,
        0.9528446950281907,
        0.9543823680164019,
        0.9543823680164019,
        0.9528446950281907
      ],
      "train_scores": [
        0.9779600205023065,
        0.9795003203074952,
        0.9770659833440103,
        0.9798846893017297,
        0.979372197309417
      ]
    },
    "f1": {
      "test_mean": 0.9542704064143678,
      "test_std": 0.0010368591242972216,
      "train_mean": 0.9789539912936263,
      "train_std": 0.0010549899673928651,
      "test_scores": [
        0.9557437762201882,
        0.9531593175127663,
        0.9544344220817451,
        0.9549571665205853,
        0.9530573497365536
      ],
      "train_scores": [
        0.9781619912831385,
        0.979695370290171,
        0.9772821900745796,
        0.9800495353282237,
        0.9795808694920188
      ]
    },
    "roc_auc": {
      "test_mean": 0.9884741162808908,
      "test_std": 0.0016185070830698803,
      "train_mean": 0.9982625145999744,
      "train_std": 6.615534422472547e-05,
      "test_scores": [
        0.9909959112363922,
        0.9891843450666981,
        0.9863063407181054,
        0.9886378327554798,
        0.9872461516277782
      ],
      "train_scores": [
        0.9981731863101035,
        0.9982800255755274,
        0.9981977371793117,
        0.9983367825273814,
        0.9983248414075482
      ]
    }
  },
  "feature_importance": [
    {
      "feature": "longitude",
      "importance": 0.4363143290085908
    },
    {
      "feature": "latitude",
      "importance": 0.32924326899372836
    },
    {
      "feature": "date_ordinal",
      "importance": 0.11253218453117274
    },
    {
      "feature": "hour",
      "importance": 0.057046055735988074
    },
    {
      "feature": "day_of_month",
      "importance": 0.037327311962308436
    },
    {
      "feature": "weekday",
      "importance": 0.027536849768211632
    }
  ]
}